,et,fi,krl,liv,vep,vot,vro
et,,,,,,,
fi,11.366439887273222,,,,,,
krl,11.772549353964529,6.561238546745793,,,,,
liv,13.276932340338137,12.904159112492446,13.236165471672718,,,,
vep,10.856397095847223,11.710656430179023,10.247508695718414,14.181017642015085,,,
vot,10.86112243902099,7.578130236644729,8.768195706601503,13.279167155978751,11.203340370752988,,
vro,6.957449746401826,11.783875864948913,11.713950823339143,13.599803376977292,11.086774352545879,10.821522747247384,
