,ka,lzz,sva,xmf
ka,,,,
lzz,17.610006759540475,,,
sva,21.908965966611593,22.670434617125796,,
xmf,14.753516285793534,11.596683631231643,21.790572420190646,
