,da,sv,nn,fo,is
da,,,,,
sv,7.89059,,,,
nn,9.19139,8.12635,,,
fo,16.22947,16.56564,13.68523,,
is,15.38094,15.55642,12.60123,11.11921,
